<?xml version="1.0" encoding="UTF-8"?>
<!DOCTYPE mapper PUBLIC "-//mybatis.org//DTD Mapper 3.0//EN" "http://mybatis.org/dtd/mybatis-3-mapper.dtd">

<mapper namespace="com.ourslook.cjdriver.dao.ScheduleJobDao">
	<select id="queryObject" resultType="com.ourslook.cjdriver.entity.ScheduleJobEntity" >
		select * from xa_schedule_job where job_id = #{value}
	</select> 

	<select id="queryList" resultType="com.ourslook.cjdriver.entity.ScheduleJobEntity" >
			select * from (select rownum rn, t.* from (select * from xa_schedule_job z
		<where>
			<if test="beanName != null and beanName.trim() != ''">
				z.bean_name like CONCAT(CONCAT('%',#{beanName}),'%')
			</if>
		</where> 
		  order by  z.CREATE_TIME desc ) t
		 <if test='limit != null and limit != ""' >
					<![CDATA[where rownum <#{limit}]]>
				</if>
				 )
         <if test='offset != null and offset != ""' >
					where rn>#{offset}
	     </if>
	</select>
	
 	<select id="queryTotal" resultType="int">
		select count(1) from xa_schedule_job
		<where>
			<if test="beanName != null and beanName.trim() != ''">
				bean_name like CONCAT(CONCAT('%',#{beanName}),'%')
			</if>
		</where>
	</select>
	 
	<insert id="save" parameterType="com.ourslook.cjdriver.entity.ScheduleJobEntity">
		insert into xa_schedule_job
		(
			bean_name, 
			method_name, 
			<if test='params != null and params != ""' >
				params,
			</if>
			cron_expression, 
			status, 
			remark, 
			create_time
		)
		values
		(
			#{beanName}, 
			#{methodName}, 
			<if test='params != null and params != ""' >
				#{params},
			</if>
			#{cronExpression}, 
			#{status}, 
			#{remark}, 
			#{createTime}
		)
	</insert>
	 
	<update id="update" parameterType="com.ourslook.cjdriver.entity.ScheduleJobEntity">
		update xa_schedule_job
		<set> 
			<if test="beanName != null">bean_name = #{beanName}, </if>
			<if test="methodName != null">method_name = #{methodName}, </if>
			<if test="params != null">params = #{params}, </if>
			<if test="cronExpression != null">cron_expression = #{cronExpression}, </if>
			<if test="status != null">status = #{status}, </if>
			<if test="remark != null">remark = #{remark}, </if>
		</set>
		where job_id = #{jobId}
	</update>
	
	<!-- 批量更新状态 -->
	<update id="updateBatch"> 
		update xa_schedule_job set status = #{status} where job_id in
		<foreach item="jobId" collection="list"  open="(" separator="," close=")">
			#{jobId}
		</foreach>
	</update>
	
	<delete id="deleteBatch">
		delete from xa_schedule_job where job_id in
		<foreach item="jobId" collection="array" open="(" separator="," close=")">
			#{jobId}
		</foreach>
	</delete>
</mapper>