<?xml version="1.0" encoding="UTF-8"?>
<!DOCTYPE mapper PUBLIC "-//mybatis.org//DTD Mapper 3.0//EN" "http://mybatis.org/dtd/mybatis-3-mapper.dtd">

<mapper namespace="com.ourslook.cjdriver.dao.ScheduleJobLogDao">

	<resultMap id="scheduleJobLogDaoMap" type="com.ourslook.cjdriver.dao.ScheduleJobLogDao" >
		<result column="CREATE_TIME" property="createTime" jdbcType="TIMESTAMP" />
	</resultMap>

	<select id="queryObject" resultType="com.ourslook.cjdriver.entity.ScheduleJobLogEntity" >
		select * from xa_schedule_job_log where log_id = #{value}
	</select> 

	<select id="queryList" resultType="com.ourslook.cjdriver.entity.ScheduleJobLogEntity" >
			select * from (select rownum rn, t.* from (select * from xa_schedule_job_log z
		<where>
			<if test="jobId != null">
				and job_id = #{jobId}
			</if>
		</where>
		 order by  z.CREATE_TIME desc ) t
		 <if test='limit != null and limit != ""' >
					<![CDATA[where rownum <#{limit}]]>
				</if>
				 )
         <if test='offset != null and offset != ""' >
					where rn>#{offset}
	     </if>
 	</select>
	
 	<select id="queryTotal" resultType="int">
		select count(1) from xa_schedule_job_log
		<where>
			<if test="jobId != null">
				and job_id = #{jobId}
			</if>
		</where>
	</select>
	 
	<insert id="save" parameterType="com.ourslook.cjdriver.entity.ScheduleJobLogEntity">
		insert into xa_schedule_job_log
		(
			job_id, 
			bean_name, 
			method_name,
			<if test='params != null and params != ""' >
			params,
			</if>
			status,
			<if test='error != null and error != ""' >
			error,
			</if>
			times, 
			create_time
		)
		values
		(
			#{jobId}, 
			#{beanName}, 
			#{methodName},
			<if test='params != null and params != ""' >
			#{params},
			</if>
			#{status},
			<if test='error != null and error != ""' >
			#{error},
			</if>
			#{times},
            #{createTime}
		)
	</insert>
	
</mapper>