<?xml version="1.0" encoding="UTF-8"?>  
<!DOCTYPE mapper PUBLIC "-//mybatis.org//DTD Mapper 3.0//EN" "http://mybatis.org/dtd/mybatis-3-mapper.dtd">    
<mapper namespace="com.ourslook.cjdriver.dao.SysConfigDao">
	<select id="queryObject" resultType="com.ourslook.cjdriver.entity.SysConfigEntity">
		select * from sys_config where id = #{id}
	</select>
	
	<select id="queryList" parameterType="map" resultType="com.ourslook.cjdriver.entity.SysConfigEntity">
 		
        select * from (
        
        select rownum rn, t.* from (
        
        select * from sys_config z  where  z.status = 1 
		
		<if test="key != null and key.trim() != ''">
			and key like CONCAT(CONCAT('%',#{key}),'%')
		</if>
		
	    ) t
		 <if test='limit != null and limit != ""' >
					<![CDATA[where rownum <#{limit}]]>
		</if>
		)
         <if test='offset != null and offset != ""' >
					where rn>#{offset}
	     </if> 
	</select>
	
	<select id="queryTotal" parameterType="map" resultType="int">
		select count(*) from sys_config where status = 1 
		<if test="key != null and key.trim() != ''">
			and key like CONCAT(CONCAT('%',#{key}),'%')
		</if>
	</select>
	
	<insert id="save" parameterType="com.ourslook.cjdriver.entity.SysConfigEntity">
		<selectKey keyProperty="id" keyColumn="id" resultType="java.lang.String" order="BEFORE">
			select sys_guid() as id from dual
		</selectKey>
		insert into sys_config(id, key, value, remark)
			values( #{id}, #{key},#{value},#{remark})
	</insert>
	
	<update id="update" parameterType="com.ourslook.cjdriver.entity.SysConfigEntity">
		update sys_config set key = #{key}, value = #{value}, remark = #{remark} 
			 where id = #{id}
	</update>
	
	<!-- 根据key，更新value -->
	<update id="updateValueByKey" parameterType="map">
		update sys_config set value = #{value} where key = #{key}
	</update>
	
	<!-- 根据key，查询value -->
	<select id="queryByKey" parameterType="string" resultType="string">
		select value from sys_config where key = #{key}
	</select>
	
	<delete id="deleteBatch" parameterType="string">
		delete from sys_config where id in 
		<foreach item="id" collection="array" open="(" separator="," close=")">
			#{id}
		</foreach>
	</delete>
	
	
</mapper>