<?xml version="1.0" encoding="UTF-8"?>
<!DOCTYPE mapper PUBLIC "-//mybatis.org//DTD Mapper 3.0//EN" "http://mybatis.org/dtd/mybatis-3-mapper.dtd">

<mapper namespace="com.ourslook.cjdriver.dao.SysGeneratorDao">
	<!-- 这是oracle的查询 -->
	<select id="queryList" resultType="map">
		SELECT * FROM (SELECT ROWNUM rn,t.* FROM(SELECT t1.table_name tableName, '' engine, t2.comments tableComment, T3.CREATED createTime FROM user_tables t1 
		LEFT JOIN user_tab_comments t2 ON T1.table_name = t2.table_name LEFT JOIN USER_OBJECTS t3 ON t1.table_name = t3.OBJECT_NAME
		<where>
			<if test="tableName != null and tableName.trim() != ''">
				t1.table_name like CONCAT(CONCAT('%',#{tableName}),'%')
			</if>
		</where>
		ORDER BY t3.CREATED DESC ) t
		<if test='limit != null and limit != ""' >
			<![CDATA[where rownum <#{limit}]]>
		</if>
			)
         <if test='offset != null and offset != ""' >
					where rn>#{offset}
	     </if>
	</select>

	<!-- 这是oracle -->
	<select id="queryTotal" resultType="int">
		SELECT "COUNT"(*) FROM user_tables t1 where 1=1
		<if test="tableName != null and tableName.trim() != ''">
			and t1.table_name like CONCAT(CONCAT('%',#{tableName}),'%')
		</if> 
	</select> 
	
	<select id="queryTable" resultType="map">
		SELECT t1.table_name tableName, '' engine, t2.comments tableComment, T3.CREATED createTime FROM user_tables t1 
		LEFT JOIN user_tab_comments t2 ON T1.table_name = t2.table_name LEFT JOIN USER_OBJECTS t3 ON t1.table_name = t3.OBJECT_NAME
		where t1.table_name = #{tableName}
	</select>
	
	<select id="queryColumns" resultType="map">
		SELECT t1.column_name columnName,t1.data_type dataType,T2.COMMENTS columnComment,
		(SELECT con.constraint_type FROM user_constraints con,user_cons_columns col WHERE con.constraint_name = col.constraint_name AND con.constraint_type = 'P' AND col.table_name = T1.table_name AND col.column_name=t1.column_name) columnKey,
		''extra FROM
 			user_tab_columns t1 LEFT JOIN user_col_comments t2
 			ON t1.column_name=T2.column_name AND T1.table_name=T2.table_name
 			WHERE	T1.table_name = #{tableName} ORDER BY column_id
	</select>
</mapper>