<?xml version="1.0" encoding="UTF-8"?>
<!DOCTYPE mapper PUBLIC "-//mybatis.org//DTD Mapper 3.0//EN" "http://mybatis.org/dtd/mybatis-3-mapper.dtd">

<mapper namespace="com.ourslook.cjdriver.dao.SysLogDao">

	<select id="queryObject" resultType="com.ourslook.cjdriver.entity.SysLogEntity">
		select * from sys_log where id = #{value}
	</select>

	<select id="queryList" resultType="com.ourslook.cjdriver.entity.SysLogEntity">
 		select * from (select rownum rn, t.*from (select * from sys_log z 
		
		<where>
			<if test="key != null and key.trim() != ''">
			
				username like CONCAT(CONCAT('%',#{key}),'%') or operation like CONCAT(CONCAT('%',#{key}),'%')
			</if>
		</where>
	    ) t
		 <if test='limit != null and limit != ""' >
					<![CDATA[where rownum <#{limit}]]>
		 </if>
				 )
         <if test='offset != null and offset != ""' >
					where rn>#{offset}
	     </if> 
	</select>
	
 	<select id="queryTotal" resultType="int">
		select count(*) from sys_log 
		<where>
			<if test="key != null and key.trim() != ''">
				username like CONCAT(CONCAT('%',#{key}),'%') or operation like CONCAT(CONCAT('%',#{key}),'%')
			</if>
		</where>
	</select>
	 
	<insert id="save" parameterType="com.ourslook.cjdriver.entity.SysLogEntity">
		<selectKey keyProperty="id" keyColumn="id" order="BEFORE" resultType="java.lang.String">
			select sys_guid() as id from dual
		</selectKey>
		insert into sys_log
		(
			id,
			username,
			operation, 
			method, 
			params, 
			ip, 
			create_date
		)
		values
		(
			#{id},
			#{username},
			#{operation},
			#{method}, 
			#{params}, 
			#{ip}, 
			#{createDate}
		)
	</insert>
	 
	<update id="update" parameterType="com.ourslook.cjdriver.entity.SysLogEntity">
		update sys_log 
		<set>
			<if test="username != null">username = #{username}, </if>
			<if test="operation != null">operation = #{operation}, </if>
			<if test="method != null">method = #{method}, </if>
			<if test="params != null">params = #{params}, </if>
			<if test="ip != null">ip = #{ip} </if>
		</set>
		where id = #{id}
	</update>
	
	<delete id="delete">
		delete from sys_log where id = #{value}
	</delete>
	
	<delete id="deleteBatch">
		delete from sys_log where id in 
		<foreach item="id" collection="array" open="(" separator="," close=")">
			#{id}
		</foreach>
	</delete>

</mapper>