<?xml version="1.0" encoding="UTF-8"?>
<!DOCTYPE mapper PUBLIC "-//mybatis.org//DTD Mapper 3.0//EN" "http://mybatis.org/dtd/mybatis-3-mapper.dtd">

<mapper namespace="com.ourslook.cjdriver.dao.SysMenuDao">

    <select id="queryObject" resultType="com.ourslook.cjdriver.entity.SysMenuEntity">
		select * from sys_menu where menu_id = #{value}
	</select>

    <insert id="save" parameterType="com.ourslook.cjdriver.entity.SysMenuEntity">
        <selectKey keyProperty="menuId" keyColumn="menu_id" resultType="java.lang.Long" order="BEFORE">
            select SEQU_SYS_MENU.nextval as menuId from dual
        </selectKey>
        insert into sys_menu
        (
        menu_id,
        parent_id,
        name,
        type
        <if test='url != null and url != ""'>
            ,url
        </if>
        <if test='perms != null and perms != ""'>
            ,perms
        </if>
        <if test='icon != null and icon != ""'>
            ,icon
        </if>
        <if test='orderNum != null and orderNum != ""'>
            ,order_num
        </if>
        )
        values
        (
        #{menuId},
        #{parentId},
        #{name},
        #{type}
        <if test='url != null and url != ""'>
            ,#{url}
        </if>
        <if test='perms != null and perms != ""'>
            ,#{perms}
        </if>
        <if test='icon != null and icon != ""'>
            ,#{icon}
        </if>
        <if test='orderNum != null and orderNum != ""'>
            ,#{orderNum}
        </if>
        )
    </insert>

    <select id="queryListParentId" resultType="com.ourslook.cjdriver.entity.SysMenuEntity">
		select * from sys_menu where parent_id = #{parentId} order by order_num asc
	</select>

    <select id="queryNotButtonList" resultType="com.ourslook.cjdriver.entity.SysMenuEntity">
		select * from sys_menu where type != 2 order by order_num asc
	</select>

    <!--闫擘加入查询方法-->
    <select id="queryList" resultType="com.ourslook.cjdriver.entity.SysMenuEntity">
        select * from ( select t.* ,(select p.name from sys_menu p where p.menu_id = p.parent_id) as parentName
        from (select rownum rn, z.* from sys_menu z
        <where>
            <if test="type != null and type.trim()!=''">
                and TYPE = #{type}
            </if>
            <if test="name != null and name.trim() != ''">
                and NAME like CONCAT(CONCAT('%',#{name}),'%')
            </if>
            <if test="idlist != null and idlist.size()>0">
                AND MENU_ID IN
                <foreach item="id" index="index" collection="idlist"
                         open="(" separator="," close=")">
                    #{id}
                </foreach>
            </if>
        </where>

        <choose>
            <when test="sidx != null and sidx.trim() != ''">
                order by z.${sidx} ${order}
            </when>
            <otherwise>
                order by z.order_num desc
            </otherwise>
        </choose>
        ) t
        <if test='limit != null and limit != ""'>
            <![CDATA[where rownum <#{limit}]]>
        </if>
        )
        <if test='offset != null and offset != ""'>
            where rn>#{offset}
        </if>
    </select>

    <!-- 查询用户的权限列表 -->
    <select id="queryUserList" resultType="com.ourslook.cjdriver.entity.SysMenuEntity">
		select distinct m.*,(select p.name from sys_menu p where p.menu_id = m.parent_id) as parentName
			from sys_user_role ur
			LEFT JOIN sys_role_menu rm on ur.role_id = rm.role_id
			LEFT JOIN sys_menu m on rm.menu_id = m.menu_id
		where ur.user_id = #{userId} order by m.order_num asc
	</select>


    <!--闫擘加入查询方法-->
    <select id="queryTotal" resultType="int">
        select count(*) from sys_menu

        <where>
            <if test="type != null and type.trim()!=''">
                and TYPE = #{type}
            </if>
            <if test="name != null and name.trim() != ''">
                and NAME like CONCAT(CONCAT('%',#{name}),'%')
            </if>
        </where>

    </select>

    <update id="update" parameterType="com.ourslook.cjdriver.entity.SysMenuEntity">
        update sys_menu
        <set>
            <if test="parentId != null">parent_id = #{parentId},</if>
            <if test="name != null">name = #{name},</if>
            <if test="url != null">url = #{url},</if>
            <if test="perms != null">perms = #{perms},</if>
            <if test="type != null">type = #{type},</if>
            <if test="icon != null">icon = #{icon},</if>
            <if test="orderNum != null">order_num = #{orderNum}</if>
        </set>
        where menu_id = #{menuId}
    </update>

    <delete id="deleteBatch">
        delete from sys_menu where menu_id in
        <foreach item="menuId" collection="array" open="(" separator="," close=")">
            #{menuId}
        </foreach>
    </delete>
    <!--多条语言，mysql支持，oracle数据库不支持。mysql数据库注释下面语句：deleteBatchMenuOnOracle-->
    <!--;-->
    <!--delete from sys_role_menu where menu_id in-->
    <!--<foreach item="menuId" collection="array" open="(" separator="," close=")">-->
     <!--#{menuId}-->
    <!--</foreach>-->

    <delete id="deleteBatchMenuOnOracle">
        delete from sys_role_menu where menu_id in
        <foreach item="menuId" collection="array" open="(" separator="," close=")">
            #{menuId}
        </foreach>
    </delete>

</mapper>