<?xml version="1.0" encoding="UTF-8"?>
<!DOCTYPE mapper PUBLIC "-//mybatis.org//DTD Mapper 3.0//EN" "http://mybatis.org/dtd/mybatis-3-mapper.dtd">

<mapper namespace="com.ourslook.cjdriver.dao.SysRoleMenuDao">

	<select id="save" parameterType="map">
		INSERT INTO SYS_ROLE_MENU (ROLE_ID,MENU_ID) SELECT A.* FROM (
		<foreach collection="menuIdList" item="item" index="index" separator="UNION ALL">
		<![CDATA[ 
			SELECT
				#{roleId,jdbcType=NUMERIC} ROLE_ID,
				#{item,jdbcType=NUMERIC} MENU_ID
			 FROM DUAL
		 ]]> 
		</foreach>
		) A
	</select>
	
	<delete id="delete">
		delete from sys_role_menu where role_id = #{value}
	</delete>
	
	<select id="queryMenuIdList" resultType="long">
		select menu_id from sys_role_menu where role_id = #{value}
	</select>

</mapper>