<?xml version="1.0" encoding="UTF-8"?>
<!DOCTYPE mapper PUBLIC "-//mybatis.org//DTD Mapper 3.0//EN" "http://mybatis.org/dtd/mybatis-3-mapper.dtd">

<mapper namespace="com.ourslook.cjdriver.dao.SysUserRoleDao">

	<select id="queryList" resultType="com.ourslook.cjdriver.entity.SysUserRoleEntity">
		select * from sys_user_role 
		<where>
			<if test="userId != null">
				user_id = #{userId}
			</if>
		</where>
	</select>
 
	<select id="save" parameterType="map">
		insert into sys_user_role
		(
			user_id, 
			role_id
		)
		SELECT A.* FROM (
		<foreach collection="roleIdList" item="item" index="index" separator="UNION ALL" >
			<![CDATA[ 
			SELECT
				#{userId} user_id, 
				#{item} role_id
			 FROM DUAL
		 ]]> 
		</foreach>
		)A
	</select>
	
	<delete id="delete">
		delete from sys_user_role where user_id = #{value}
	</delete>
	
	<select id="queryRoleIdList" resultType="long">
		select role_id from sys_user_role where user_id = #{value}
	</select>
</mapper>