<?xml version="1.0" encoding="UTF-8"?>
<!DOCTYPE mapper PUBLIC "-//mybatis.org//DTD Mapper 3.0//EN" "http://mybatis.org/dtd/mybatis-3-mapper.dtd">

<mapper namespace="com.ourslook.cjdriver.dao.SysUserDao">
	<select id="queryObject" resultType="com.ourslook.cjdriver.entity.SysUserEntity">
		select * from sys_user where user_id = #{value}
	</select>

    <select id="queryAllList" resultType="com.ourslook.cjdriver.entity.SysUserEntity">
        SELECT  * FROM sys_user;
    </select>

	<select id="queryList" resultType="com.ourslook.cjdriver.entity.SysUserEntity">
         select * from (
         
         select rownum rn, t.* from (
         
             select * from sys_user z 		
		<where>
			<if test="createUserId != null">
				and create_user_id = #{createUserId} 
			</if>
			<if test="username != null and username.trim() != ''">
				and username like CONCAT(CONCAT('%',#{username}),'%')
			</if>
		</where>
		
		<choose>
			<when test="sidx != null and sidx.trim() != ''">
				order by ${sidx} ${order}
			</when>
			<otherwise>
				order by user_id desc
			</otherwise>
		</choose>  
	    )t 
	    <if test='limit != null and limit != ""' >
					<![CDATA[where rownum <#{limit}]]>
	    </if> 
	    ) 
	   
         <if test='offset != null and offset != ""' >
					where rn>#{offset}
	     </if> 
	</select>
	
	<select id="queryTotal" resultType="int">
		select count(*) from sys_user
		<where>
			<if test="createUserId != null">
				and create_user_id = #{createUserId} 
			</if>
			<if test="username != null and username.trim() != ''">
				and username like CONCAT(CONCAT('%',#{username}),'%') 
			</if>
		</where>
	</select>
	
	<!-- 查询用户的所有权限 -->
	<select id="queryAllPerms" resultType="string">
		select m.perms from sys_user_role ur 
			LEFT JOIN sys_role_menu rm on ur.role_id = rm.role_id 
			LEFT JOIN sys_menu m on rm.menu_id = m.menu_id 
		where ur.user_id = #{userId}
	</select>
	
	<!-- 查询用户的所有菜单ID --> 
	<select id="queryAllMenuId" resultType="long">
		select distinct rm.menu_id from sys_user_role ur 
			LEFT JOIN sys_role_menu rm on ur.role_id = rm.role_id 
		where ur.user_id = #{userId}
	</select>


	<select id="queryByUserName" resultType="com.ourslook.cjdriver.entity.SysUserEntity">
		select * from sys_user where username = #{username}
	</select>
	
	<insert id="save" parameterType="com.ourslook.cjdriver.entity.SysUserEntity">
-- 		生成oracle主键
		<selectKey keyProperty="userId" order="BEFORE" resultType="java.lang.Long">
            select SEQU_SYS_USER.nextval as roleId from dual
        </selectKey>
		insert into sys_user
		(
           <if test="email != null">email, </if>
           <if test="mobile != null">mobile, </if>
           <if test="status != null">status, </if>
           <if test="createUserId != null">create_user_id, </if>
           <if test="createTime != null">create_time,</if>
           username,
           password
		)
		values
		(
             <if test="email != null">#{email}, </if>
             <if test="mobile != null">#{mobile}, </if>
             <if test="status != null">#{status}, </if>
             <if test="createUserId != null">#{createUserId}, </if>
             <if test="createTime != null">#{createTime},</if>
			#{username}, 
			#{password}
		)
	</insert>
	 
	<update id="update" parameterType="com.ourslook.cjdriver.entity.SysUserEntity">
		update sys_user 
		<set> 
			<if test="username != null">username = #{username}, </if>
			<if test="password != null">password = #{password}, </if>
			<if test="email != null">email = #{email}, </if>
			<if test="mobile != null">mobile = #{mobile}, </if>
			<if test="status != null">status = #{status}, </if>
		</set>
		where user_id = #{userId} 
		<if test="createUserId != null">
			and create_user_id = #{createUserId} 
		</if>
	</update>
	
	<update id="updatePassword" parameterType="map">
		update sys_user set password = #{newPassword} 
			where user_id = #{userId} and password = #{password}
	</update>
	
	<delete id="deleteBatch">
		delete from sys_user where user_id in 
		<foreach item="userId" collection="array" open="(" separator="," close=")">
			#{userId}
		</foreach>
	</delete>

	<delete id="deleteBatch1">
		delete from sys_user_role where user_id in 
		<foreach item="userId" collection="array" open="(" separator="," close=")">
			#{userId}
		</foreach>
	</delete>

</mapper>