<?xml version="1.0" encoding="UTF-8"?>
<!DOCTYPE mapper PUBLIC "-//mybatis.org//DTD Mapper 3.0//EN" "http://mybatis.org/dtd/mybatis-3-mapper.dtd">

<mapper namespace="com.ourslook.cjdriver.dao.UserDao">

    <insert id="save" parameterType="com.ourslook.cjdriver.entity.UserEntity">
-- 		mybatis使用oracle自动生成主键 http://blog.csdn.net/blusyangjiwen/article/details/55102250
-- 		Mybatis 示例之 SelectKey http://blog.csdn.net/isea533/article/details/21153791
-- 		oracle sequence 不要使用触发器，否则在java 类 中 获取不到主键
--         https://www.cnblogs.com/fsjohnhuang/p/4078659.html
		<selectKey keyProperty="userId" keyColumn="user_id" resultType="java.lang.Long" order="BEFORE">
-- 			使用oracle的随机序列
-- 			select sys_guid() from dual
			select SEQU_TB_USER.nextval as userid from SEQU_TB_USER
		</selectKey>
		insert into xa_tb_user
		(
			username,
			mobile,
			password,
			create_time
		)
		values
			(
				#{username},
				#{mobile},
				#{password},
				#{createTime}
			)
	</insert>

    <select id="queryObject" resultType="com.ourslook.cjdriver.entity.UserEntity">
		select * from xa_tb_user where user_id = #{value}
	</select>

    <select id="queryByMobile" resultType="com.ourslook.cjdriver.entity.UserEntity">
		select * from xa_tb_user where mobile = #{value}
	</select>

</mapper>