<?xml version="1.0" encoding="UTF-8"?>
<!DOCTYPE mapper PUBLIC "-//mybatis.org//DTD Mapper 3.0//EN" "http://mybatis.org/dtd/mybatis-3-mapper.dtd">

<mapper namespace="com.ourslook.cjdriver.dao.sysdict.XaDictInfoDao">

	<!-- 可根据自己的需求，是否要使用 -->
    <resultMap type="com.ourslook.cjdriver.entity.sysdict.XaDictInfoEntity" id="xaDictInfoMap">
        <result property="id" column="ID"/>
        <result property="createTime" column="CREATE_TIME"/>
        <result property="createUser" column="CREATE_USER"/>
        <result property="status" column="STATUS"/>
        <result property="code" column="CODE"/>
        <result property="name" column="NAME"/>
        <result property="sort" column="SORT"/>
        <result property="type" column="TYPE"/>
    </resultMap>

	<select id="queryObject" resultType="com.ourslook.cjdriver.entity.sysdict.XaDictInfoEntity">
		select * from XA_TB_DICT_INFO where ID = #{value}
	</select>

	<select id="queryList" resultType="com.ourslook.cjdriver.entity.sysdict.XaDictInfoEntity">
	SELECT * FROM (
		SELECT ROWNUM rn,t.* FROM(
			select * from XA_TB_DICT_INFO
		<where>
			<if test="name != null  and name.trim() != ''">
				and name = #{name}
			</if>
		</where>

	        <choose>
	            <when test="sidx != null and sidx.trim() != ''">
	                order by ${sidx} ${order}
	            </when>
				<otherwise>
	                order by ID desc
				</otherwise>
	        </choose>
        )t
        <if test='limit != null and limit != ""' >
			<![CDATA[where rownum <#{limit}]]>
		</if>
	)
         <if test='offset != null and offset != ""' >
			where rn>#{offset}
	     </if>
	</select>
	
 	<select id="queryTotal" resultType="int">
		select count(*) from XA_TB_DICT_INFO 
	</select>
	 
	<insert id="save" parameterType="com.ourslook.cjdriver.entity.sysdict.XaDictInfoEntity">
		<!--<selectKey resultType="int" order="BEFORE" keyProperty="id">-->
			<!--SELECT SEQ_TABLE.NEXTVAL FROM dual-->
		<!--</selectKey>-->
		insert into XA_TB_DICT_INFO
		(
			 CREATE_TIME ,
			 CREATE_USER , 
			 STATUS , 
			 CODE , 
			 NAME , 
			 SORT , 
			 TYPE 
		)
		values
		(
			#{createTime},
			#{createUser}, 
			#{status}, 
			#{code}, 
			#{name}, 
			#{sort}, 
			#{type}
		)
	</insert>
	 
	<update id="update" parameterType="com.ourslook.cjdriver.entity.sysdict.XaDictInfoEntity">
		update XA_TB_DICT_INFO 
		<set>
			<if test="createTime != null"> CREATE_TIME  = #{createTime}, </if>
			<if test="createUser != null"> CREATE_USER  = #{createUser}, </if>
			<if test="status != null"> STATUS  = #{status}, </if>
			<if test="code != null"> CODE  = #{code}, </if>
			<if test="name != null"> NAME  = #{name}, </if>
			<if test="sort != null"> SORT  = #{sort}, </if>
			<if test="type != null"> TYPE  = #{type}</if>
		</set>
		where ID = #{id}
	</update>
	
	<delete id="delete">
		delete from XA_TB_DICT_INFO where ID = #{value}
	</delete>
	
	<delete id="deleteBatch">
		delete from XA_TB_DICT_INFO where ID in 
		<foreach item="id" collection="array" open="(" separator="," close=")">
			#{id}
		</foreach>
	</delete>

</mapper>